,label,csv_paths
0,0,0-output\0_1.csv
1,0,0-output\0_10.csv
2,0,0-output\0_11.csv
3,0,0-output\0_12.csv
4,0,0-output\0_13.csv
5,0,0-output\0_14.csv
6,0,0-output\0_15.csv
7,0,0-output\0_16.csv
8,0,0-output\0_17.csv
9,0,0-output\0_18.csv
10,0,0-output\0_19.csv
11,0,0-output\0_2.csv
12,0,0-output\0_20.csv
13,0,0-output\0_21.csv
14,0,0-output\0_22.csv
15,0,0-output\0_23.csv
16,0,0-output\0_24.csv
17,0,0-output\0_25.csv
18,0,0-output\0_26.csv
19,0,0-output\0_27.csv
20,0,0-output\0_28.csv
21,0,0-output\0_29.csv
22,0,0-output\0_3.csv
23,0,0-output\0_30.csv
24,0,0-output\0_31.csv
25,0,0-output\0_32.csv
26,0,0-output\0_33.csv
27,0,0-output\0_34.csv
28,0,0-output\0_35.csv
29,0,0-output\0_36.csv
30,0,0-output\0_37.csv
31,0,0-output\0_38.csv
32,0,0-output\0_39.csv
33,0,0-output\0_4.csv
34,0,0-output\0_40.csv
35,0,0-output\0_41.csv
36,0,0-output\0_42.csv
37,0,0-output\0_43.csv
38,0,0-output\0_44.csv
39,0,0-output\0_45.csv
40,0,0-output\0_46.csv
41,0,0-output\0_47.csv
42,0,0-output\0_48.csv
43,0,0-output\0_49.csv
44,0,0-output\0_5.csv
45,0,0-output\0_50.csv
46,0,0-output\0_6.csv
47,0,0-output\0_7.csv
48,0,0-output\0_8.csv
49,0,0-output\0_9.csv
50,1,1-output\1_1.csv
51,1,1-output\1_10.csv
52,1,1-output\1_11.csv
53,1,1-output\1_12.csv
54,1,1-output\1_13.csv
55,1,1-output\1_14.csv
56,1,1-output\1_15.csv
57,1,1-output\1_16.csv
58,1,1-output\1_17.csv
59,1,1-output\1_18.csv
60,1,1-output\1_19.csv
61,1,1-output\1_2.csv
62,1,1-output\1_20.csv
63,1,1-output\1_21.csv
64,1,1-output\1_22.csv
65,1,1-output\1_23.csv
66,1,1-output\1_24.csv
67,1,1-output\1_25.csv
68,1,1-output\1_26.csv
69,1,1-output\1_27.csv
70,1,1-output\1_28.csv
71,1,1-output\1_29.csv
72,1,1-output\1_3.csv
73,1,1-output\1_30.csv
74,1,1-output\1_31.csv
75,1,1-output\1_32.csv
76,1,1-output\1_33.csv
77,1,1-output\1_34.csv
78,1,1-output\1_35.csv
79,1,1-output\1_36.csv
80,1,1-output\1_37.csv
81,1,1-output\1_38.csv
82,1,1-output\1_39.csv
83,1,1-output\1_4.csv
84,1,1-output\1_40.csv
85,1,1-output\1_41.csv
86,1,1-output\1_42.csv
87,1,1-output\1_43.csv
88,1,1-output\1_44.csv
89,1,1-output\1_45.csv
90,1,1-output\1_46.csv
91,1,1-output\1_47.csv
92,1,1-output\1_48.csv
93,1,1-output\1_49.csv
94,1,1-output\1_5.csv
95,1,1-output\1_50.csv
96,1,1-output\1_6.csv
97,1,1-output\1_7.csv
98,1,1-output\1_8.csv
99,1,1-output\1_9.csv
100,2,2-output\2_1.csv
101,2,2-output\2_10.csv
102,2,2-output\2_11.csv
103,2,2-output\2_12.csv
104,2,2-output\2_13.csv
105,2,2-output\2_14.csv
106,2,2-output\2_15.csv
107,2,2-output\2_16.csv
108,2,2-output\2_17.csv
109,2,2-output\2_18.csv
110,2,2-output\2_19.csv
111,2,2-output\2_2.csv
112,2,2-output\2_20.csv
113,2,2-output\2_21.csv
114,2,2-output\2_22.csv
115,2,2-output\2_23.csv
116,2,2-output\2_24.csv
117,2,2-output\2_25.csv
118,2,2-output\2_26.csv
119,2,2-output\2_27.csv
120,2,2-output\2_28.csv
121,2,2-output\2_29.csv
122,2,2-output\2_3.csv
123,2,2-output\2_30.csv
124,2,2-output\2_31.csv
125,2,2-output\2_32.csv
126,2,2-output\2_33.csv
127,2,2-output\2_34.csv
128,2,2-output\2_35.csv
129,2,2-output\2_36.csv
130,2,2-output\2_37.csv
131,2,2-output\2_38.csv
132,2,2-output\2_39.csv
133,2,2-output\2_4.csv
134,2,2-output\2_40.csv
135,2,2-output\2_41.csv
136,2,2-output\2_42.csv
137,2,2-output\2_43.csv
138,2,2-output\2_44.csv
139,2,2-output\2_45.csv
140,2,2-output\2_46.csv
141,2,2-output\2_47.csv
142,2,2-output\2_48.csv
143,2,2-output\2_49.csv
144,2,2-output\2_5.csv
145,2,2-output\2_50.csv
146,2,2-output\2_51.csv
147,2,2-output\2_52.csv
148,2,2-output\2_53.csv
149,2,2-output\2_54.csv
150,2,2-output\2_55.csv
151,2,2-output\2_56.csv
152,2,2-output\2_57.csv
153,2,2-output\2_58.csv
154,2,2-output\2_59.csv
155,2,2-output\2_6.csv
156,2,2-output\2_60.csv
157,2,2-output\2_61.csv
158,2,2-output\2_62.csv
159,2,2-output\2_63.csv
160,2,2-output\2_64.csv
161,2,2-output\2_65.csv
162,2,2-output\2_66.csv
163,2,2-output\2_67.csv
164,2,2-output\2_68.csv
165,2,2-output\2_7.csv
166,2,2-output\2_8.csv
167,2,2-output\2_9.csv
168,3,3-output\3_1.csv
169,3,3-output\3_10.csv
170,3,3-output\3_11.csv
171,3,3-output\3_12.csv
172,3,3-output\3_13.csv
173,3,3-output\3_14.csv
174,3,3-output\3_15.csv
175,3,3-output\3_16.csv
176,3,3-output\3_17.csv
177,3,3-output\3_18.csv
178,3,3-output\3_19.csv
179,3,3-output\3_2.csv
180,3,3-output\3_20.csv
181,3,3-output\3_21.csv
182,3,3-output\3_22.csv
183,3,3-output\3_23.csv
184,3,3-output\3_24.csv
185,3,3-output\3_25.csv
186,3,3-output\3_26.csv
187,3,3-output\3_27.csv
188,3,3-output\3_28.csv
189,3,3-output\3_29.csv
190,3,3-output\3_3.csv
191,3,3-output\3_30.csv
192,3,3-output\3_31.csv
193,3,3-output\3_32.csv
194,3,3-output\3_33.csv
195,3,3-output\3_34.csv
196,3,3-output\3_35.csv
197,3,3-output\3_36.csv
198,3,3-output\3_37.csv
199,3,3-output\3_38.csv
200,3,3-output\3_39.csv
201,3,3-output\3_4.csv
202,3,3-output\3_40.csv
203,3,3-output\3_41.csv
204,3,3-output\3_42.csv
205,3,3-output\3_43.csv
206,3,3-output\3_44.csv
207,3,3-output\3_45.csv
208,3,3-output\3_46.csv
209,3,3-output\3_47.csv
210,3,3-output\3_48.csv
211,3,3-output\3_49.csv
212,3,3-output\3_5.csv
213,3,3-output\3_50.csv
214,3,3-output\3_51.csv
215,3,3-output\3_6.csv
216,3,3-output\3_7.csv
217,3,3-output\3_8.csv
218,3,3-output\3_9.csv
219,4,4-output\4_1.csv
220,4,4-output\4_10.csv
221,4,4-output\4_11.csv
222,4,4-output\4_12.csv
223,4,4-output\4_13.csv
224,4,4-output\4_14.csv
225,4,4-output\4_15.csv
226,4,4-output\4_16.csv
227,4,4-output\4_17.csv
228,4,4-output\4_18.csv
229,4,4-output\4_19.csv
230,4,4-output\4_2.csv
231,4,4-output\4_20.csv
232,4,4-output\4_21.csv
233,4,4-output\4_22.csv
234,4,4-output\4_23.csv
235,4,4-output\4_24.csv
236,4,4-output\4_25.csv
237,4,4-output\4_26.csv
238,4,4-output\4_27.csv
239,4,4-output\4_28.csv
240,4,4-output\4_29.csv
241,4,4-output\4_3.csv
242,4,4-output\4_31.csv
243,4,4-output\4_32.csv
244,4,4-output\4_34.csv
245,4,4-output\4_35.csv
246,4,4-output\4_36.csv
247,4,4-output\4_37.csv
248,4,4-output\4_38.csv
249,4,4-output\4_39.csv
250,4,4-output\4_4.csv
251,4,4-output\4_40.csv
252,4,4-output\4_41.csv
253,4,4-output\4_42.csv
254,4,4-output\4_43.csv
255,4,4-output\4_44.csv
256,4,4-output\4_45.csv
257,4,4-output\4_46.csv
258,4,4-output\4_47.csv
259,4,4-output\4_48.csv
260,4,4-output\4_49.csv
261,4,4-output\4_5.csv
262,4,4-output\4_50.csv
263,4,4-output\4_51.csv
264,4,4-output\4_52.csv
265,4,4-output\4_53.csv
266,4,4-output\4_54.csv
267,4,4-output\4_55.csv
268,4,4-output\4_56.csv
269,4,4-output\4_57.csv
270,4,4-output\4_6.csv
271,4,4-output\4_7.csv
272,4,4-output\4_8.csv
273,4,4-output\4_9.csv
274,5,5-output\5_1.csv
275,5,5-output\5_10.csv
276,5,5-output\5_11.csv
277,5,5-output\5_12.csv
278,5,5-output\5_13.csv
279,5,5-output\5_14.csv
280,5,5-output\5_15.csv
281,5,5-output\5_16.csv
282,5,5-output\5_17.csv
283,5,5-output\5_18.csv
284,5,5-output\5_19.csv
285,5,5-output\5_2.csv
286,5,5-output\5_20.csv
287,5,5-output\5_21.csv
288,5,5-output\5_22.csv
289,5,5-output\5_23.csv
290,5,5-output\5_24.csv
291,5,5-output\5_25.csv
292,5,5-output\5_26.csv
293,5,5-output\5_27.csv
294,5,5-output\5_28.csv
295,5,5-output\5_29.csv
296,5,5-output\5_3.csv
297,5,5-output\5_30.csv
298,5,5-output\5_31.csv
299,5,5-output\5_32.csv
300,5,5-output\5_33.csv
301,5,5-output\5_34.csv
302,5,5-output\5_35.csv
303,5,5-output\5_36.csv
304,5,5-output\5_4.csv
305,5,5-output\5_5.csv
306,5,5-output\5_6.csv
307,5,5-output\5_7.csv
308,5,5-output\5_8.csv
309,5,5-output\5_9.csv
